{"time":15000,"egoAngVelLog":-5.6531319403413409,"egoVel":[2.6823000359338631,-0.30865274537771148,1.3756061880958922E-20],"egoSpeed":2.7,"egoSpeedHor":-0.26596554985084075,"egoSpeedVer":2.6868684981391517,"egoAcc":2.2204460492503131E-14,"egoAccHor":1.4876988529977098E-12,"egoAccVer":1.7763568394002505E-13,"actVel":[-0.56552349275101366,-10.985453253241156,-6.0410670108150349E-8],"actSpeed":11,"actAcc":0,"dis":18.716272539394232,"isCollision":"Success"}